{
  "Overall Precision": 0.28088235294117647,
  "Overall Recall": 0.7490196078431373,
  "Overall F1-score": 0.4085561497326204,
  "Per Skill Metrics": {
    "Empathy": {
      "Precision": 0.552995391705069,
      "Recall": 0.96,
      "F1-score": 0.7017543859649121
    },
    "Questions": {
      "Precision": 0.35379812695109286,
      "Recall": 0.8076009501187649,
      "F1-score": 0.49204052098408135
    },
    "Suggestions": {
      "Precision": 0.15624999999999997,
      "Recall": 0.625,
      "F1-score": 0.24999999999999997
    },
    "Validation": {
      "Precision": 0.3757225433526012,
      "Recall": 0.40752351097178685,
      "F1-score": 0.3909774436090226
    },
    "Structure": {
      "Precision": 0.8783783783783783,
      "Recall": 0.7624633431085044,
      "F1-score": 0.8163265306122449
    },
    "Self-disclosure": {
      "Precision": 0,
      "Recall": 0.0,
      "F1-score": 0
    },
    "Professionalism": {
      "Precision": 0.6603773584905661,
      "Recall": 0.7954545454545454,
      "F1-score": 0.7216494845360826
    }
  }
}